Name,Web,Pinterest Username,Pinterest Followers,Pinterest Following
Foster + Partners,https://www.fosterandpartners.com/,fosterpartners,7370,30
Architecture for London,https://architectureforlondon.com/,aflarchitects,2368,38
nan,nan,dffffdfafdfsadffafff,Not Found,Not Found
RMJM,https://www.rmjm.com/,RMJM_,1250,35
Corstorphine + Wright,https://www.corstorphine-wright.com/,corstorphinewri,33,0
Waugh Thistleton Architects,http://www.waughthistleton.com/,waughthistleton,25,1
ADAM Architecture,https://adamarchitecture.com/,adamarchitecture,419,190
Universal Design Studio,https://www.universaldesignstudio.com/,universalds,317,5
Optimise Design,https://www.optimise-design.com/,optimisedesign,5419,280
Cullinan Studio,https://www.cullinanstudio.com/,cullinanstudio,27,0
HLM Architects,https://hlmarchitects.com/,hlmadltd,25,0
Jestico + Whiles,https://www.jesticowhiles.com/,jesticowhiles,372,25
Make,https://www.makearchitects.com/,makearchitects,2195,7
Patrick Bradley Architects,https://www.pb-architects.com/,pbarchitect,1341,132
Levitt Bernstein,http://www.levittbernstein.co.uk/,levittbernstein,60,12
Rural Office for Architecture,http://www.ruralofficeforarchitecture.co.uk/,ruraloffice,114,52
Buckley Gray Yeoman,http://www.bgy.co.uk/,bgyarchitects,267,29
Coffey Architects,http://www.coffeyarchitects.com/,coffeyarch,705,0
Koto Design,https://kotodesign.co.uk/,KOTO_DESIGN,997,362
Studio Indigo,https://studioindigo.co.uk/,studioindigoltd,1960,19
Jonathan Tuckey Design,http://www.jonathantuckey.com/,jonathantuckey,417,57
Amos Goldreich Architecture,https://www.agarchitecture.net/,agarchitecture,795,228
Scenario Architecture,https://scenarioarchitecture.com/,scenarioarchitecture,1535,53
Adjaye Associates,https://www.adjaye.com/,AdjayeAssoc,54,0
31/44 Architects,https://www.3144architects.com/,3144architects,115,25
PLP Architecture,http://www.plparchitecture.com/,press0523,7,0
Hyde + Hyde Architects,https://www.hydearchitects.com/,hydearchitects,1181,28
Barton Willmore,http://www.bartonwillmore.co.uk/,bartonwillmore,120,149
Turner Works,https://turner.works/,ctarchitecture,685,73
Associated Architects,http://www.associated-architects.co.uk/,associatedarchi,35,78
3D Reid,https://www.3dreid.com/,3DReid,40,6
Chapman Taylor,https://www.chapmantaylor.com/,chapmantayl0619,1568,3
Stallan-Brand,https://stallanbrand.com/,stallanbrand,38,25
Stride Treglown,https://stridetreglown.com/,StrideTreglown,205,3
Mamou-Mani,https://mamou-mani.com/,MamouMani,1165,427
Mæ,https://www.mae.co.uk/,maearchitects,568,74
PRP,https://www.prp-co.uk/,prparchitects,20,29
Darling Associates,https://www.darlingassociates.net/,daarchitectsuk,40,43
Purcell,https://www.purcelluk.com/,purcelluk,147,95
SHH,https://shh.co.uk/,shharchitects,2423,140
Allford Hall Monaghan Morris,https://www.ahmm.co.uk/,ahmmarchitects,554,20
Architype,https://architype.co.uk/,architypeltd,35,3
AR Design Studio,https://ardesignstudio.co.uk/,AR_DesignStudio,1225,170
Gregory Phillips Architects,https://gregoryphillips.com/,gregory66,794,44
Strom Architects,http://www.stromarchitects.com/,strom_architect,202,12
Pardini Hall Architecture,https://www.pardinihallarchitecture.com/,pardini_hall_architecture,202,79
Rio Architects,http://www.rioarchitects.com/,rioarchitects,19,16
Richard Murphy Architects,http://www.richardmurphyarchitects.com/,RM_Architects,230,360
IF_DO,https://www.ifdo.co/,if_do,17,66
EPR Architects,https://www.epr.co.uk/,eprarchitects,156,1
McLean Quinlan,https://mcleanquinlan.com/,mcleanquinlan,3423,415
HTA Design,http://www.hta.co.uk/,htadesign,84,5
Conran & Partners,https://conranandpartners.com/,weareconran,2304,57
Office S&M,http://www.officesandm.com/,officesandm,10,19
Fraher & Findlay,https://fraherandfindlay.com/,fraher,575,124
John McAslan + Partners,http://www.mcaslan.co.uk/,johnmcaslanandp,19,52
Piercy & Company,http://www.piercyandco.com/,piercycompany,6,1
