Name,Web,Instagram_User,Twitter_User,Facebook_Page,Linkedin_Company,Pinterest_User
Zaha Hadid Architects,http://www.zaha-hadid.com/,zahahadidarchitects,ZHA_News,ZHANews ,Zaha-hadid-architects,
Foster + Partners,https://www.fosterandpartners.com/,fosterandpartners,FosterPartners,fosterpartners ,foster-&-partners,fosterpartners
John Pawson,http://www.johnpawson.com/,johnpawson,johnpawsonnews,johnpawsonnews,,
David Chipperfield Architects,https://davidchipperfield.com/,david.chipperfield,,DAVID-CHIPPERFIELD-46305232270,David-chipperfield-architects,
Adjaye Associates,https://www.adjaye.com/,adjayeassociates,AdjayeAssoc,adjayeassociates ,Adjaye-associates,AdjayeAssoc
Grimshaw,https://grimshaw.global//,grimshawarch,GrimshawArch,GrimshawArchitects,grimshaw,
Heatherwick Studio,http://www.heatherwick.com/,officialheatherwickstudio,,Heatherwick-Studio/218434211552490,Heatherwick-studio,
Rogers Stirk Harbour + Partners,https://www.rsh-p.com/,rogersstirkharbour,RSHParchitects,RogersStirkHarbourPartners,rogers-stirk-harbour---partners,
Morris+Company,https://morrisand.company/,moco_arch,moco_arch,mocoarch,morrisandcompany,
Stallan-Brand,https://stallanbrand.com/,stallanbrand,StallanBrand,,Stallan-brand,stallanbrand
Farshid Moussavi Architecture,https://www.farshidmoussavi.com/,farshidmoussavi,farshidmoussavi,Farshid-Moussavi-393471140812170,Farshid-moussavi-architecture,
Make,https://www.makearchitects.com/,make_architects,MakeArchitects,makearchitects ,Make-architects,makearchitects
BDP,https://www.bdp.com/,bdp_com,bdp_com,BDPdotCOM,Bdp-building-design-partnership-ltd-,
RMJM,https://www.rmjm.com/,rmjmofficial,RMJM_,rmjmarchitecture,rmjm,RMJM_
Sam Jacob Studio,https://www.samjacob.com/,_samjacob,_SamJacob,SamJacobStudio,,
Hawkins\Brown,https://www.hawkinsbrown.com/,hawkins_brown,Hawkins_Brown,,Hawkins-brown-architects-llp,
Assemble Studio,https://www.assemblestudio.co.uk/,assembleofficial,Assemblestudio,,,
Koto Design,https://kotodesign.co.uk/,koto_cabins,koto_cabins,kotocabins,Koto-design,KOTO_DESIGN
Strom Architects,http://www.stromarchitects.com/,stromarchitects,stromarchitects,StromArchitects ,Strom-architects,strom_architect
Gregory Phillips Architects,https://gregoryphillips.com/,gregoryphillipsarchitects,GPALondon,GregoryPhillipsArchitects,gregoryphillipsarchitects,gregory66
WilkinsonEyre,http://www.wilkinsoneyre.com/,wilkinsoneyre,WilkinsonEyre,Wilkinson-Eyre-Architects-136397753204168,Wilkinson-eyre-architects,
Mamou-Mani,https://mamou-mani.com/,mamoumani,Mamou_Mani,MamouManiArch,Mamou-mani-ltd-,MamouMani
Amos Goldreich Architecture,https://www.agarchitecture.net/,agarchitecture,amosgoldreich,agarchitecture,Amos-goldreich-architecture,agarchitecture
Broadway Malyan,https://www.broadwaymalyan.com/,broadway.malyan,BroadwayMalyan,Broadway-Malyan-224445080918146,Broadway-malyan,
Allford Hall Monaghan Morris,https://www.ahmm.co.uk/,ahmmarchitects,AHMMArchitects,AHMMArchitects,Allford-hall-monaghan-morris,ahmmarchitects
McLean Quinlan,https://mcleanquinlan.com/,mcleanquinlan,mcleanquinlan,,Mclean-quinlan,mcleanquinlan
Allies and Morrison,https://www.alliesandmorrison.com/,alliesandmorrison,alliesmorrison,Allies-and-Morrison/154847881205619,Allies-and-morrison,
Invisible Studio,http://www.invisiblestudio.org/,invisible_studio,invisiblstudio,,,
SHH,https://shh.co.uk/,shharchitects,SHHArchitects,SHHArchitects,shh,shharchitects
Hyde + Hyde Architects,https://www.hydearchitects.com/,hyde_architects,hyde_architects,hydearchitects,hyde---hyde-architects,hydearchitects
Chapman Taylor,https://www.chapmantaylor.com/,chapman_taylor_architects,Chapman_Taylor,chapmantaylorarchitects,Chapman-taylor,chapmantayl0619
Mary Duggan Architects,http://www.marydugganarchitects.com/,marydugganarc,marydugganarc,Mary-Duggan-Architects-351439361936399,,
Carmody Groarke,https://www.carmodygroarke.com/,carmodygroarke,,,Carmody-groarke-limited,
Feilden Clegg Bradley Studios,http://www.fcbstudios.com/,fcbstudios,FCBStudios,,Feilden-clegg-bradley-studios,
Mæ,https://www.mae.co.uk/,maearchitects,MaeArchitects,,maearchitects,maearchitects
Stanton Williams,https://www.stantonwilliams.com/,stanton_williams,_SW_News,,Stanton-williams,
Sheppard Robson,http://www.sheppardrobson.com/,sheppard_robson,SheppardRobson,,Sheppard-robson,
Charles Holland Architects,http://www.charleshollandarchitects.co.uk/,charlesjholland,charlesjholland,charleshollarch,,
Rural Office for Architecture,http://www.ruralofficeforarchitecture.co.uk/,rural_office,Rural_Office,ruraloffice ,Rural-office-for-architecture,ruraloffice
Studio Indigo,https://studioindigo.co.uk/,studioindigoltd,studioindigoltd,studioindigoltd,Studio-indigo-interior-design-ltd,studioindigoltd
Peter Barber Architects,http://www.peterbarberarchitects.com/,peterbarber12,PpeterPeter,,,
Hopkins Architects,https://www.hopkins.co.uk/,hopkinsarchitects,Hopkins_Arch,hopkinsarchitects ,Hopkins-architects,
Squire & Partners,http://www.squireandpartners.com/,squirepartners,squirepartners,squirepartners,Squire-and-partners,
Alison Brooks Architects,https://www.alisonbrooksarchitects.com/,alisonbrooksarchitects,AlisonBrooksArc,AlisonBrooksArc  ,Alison-brooks-architects-ltd,
Michaelis Boyd,https://www.michaelisboyd.com/,michaelisboyd,MichaelisBoyd,Michaelis-Boyd-Associates-1456709344630334,Michaelis-boyd-associates,
Conran & Partners,https://conranandpartners.com/,conranandpartners,weareconran,weareconran  ,Conran-and-partners,weareconran
O’Donnell + Tuomey,https://odonnell-tuomey.ie/,odonnell_tuomey,odonnell_tuomey,odonnell.tuomey,O'donnell-tuomey,
Associated Architects,http://www.associated-architects.co.uk/,associated_architects,AssociatedA,AssociatedArchitectsLLP ,Associated-architects-llp,associatedarchi
31/44 Architects,https://www.3144architects.com/,31_44,31_44,3144architects,31-44-architects,3144architects
AL_A,https://www.ala.uk.com/,amandalevetearchitects,AL_Atweets,ala.london.uk,al_a,
Patrick Bradley Architects,https://www.pb-architects.com/,pbarchitects,ArchitectsPB,patrickbradley.architects,,pbarchitect
Grafton Architects,http://www.graftonarchitects.ie/,graftonarchitects,graftonarchs,GraftonArchitects,,
PLP Architecture,http://www.plparchitecture.com/,plparchitecture,plparchitecture,plparch ,Plp-architecture,press0523
3D Reid,https://www.3dreid.com/,3dreid_london,3_D_Reid,3DReid ,3dreid-ltd,3DReid
Scott Brownrigg,http://www.scottbrownrigg.com/,scottbrownriggltd,ScottBrownrigg,Scottbrownriggltd ,Scott-brownrigg,
Corstorphine + Wright,https://www.corstorphine-wright.com/,corstorphinewright,Cwrightarch,,corstorphine-wright,corstorphinewri
Stride Treglown,https://stridetreglown.com/,stridetreglown,StrideTreglown,StrideTreglown,Stride-treglown,StrideTreglown
Rio Architects,http://www.rioarchitects.com/,rioarchitects,RioArchitects,,Rio-architects,rioarchitects
Jestico + Whiles,https://www.jesticowhiles.com/,jesticowhiles,jesticowhiles,JesticoandWhiles,jestico---whiles,jesticowhiles
HLM Architects,https://hlmarchitects.com/,hlmarchitects,HLMArchitects,HLM-Architects-111402107978130,Hlm-architects,hlmadltd
Ryder Architecture,http://www.ryderarchitecture.com/,ryderarchitecture,Ryder1953,ryder.architecture,Ryder-architecture,
Jonathan Tuckey Design,http://www.jonathantuckey.com/,jonathantuckeydesign,,,jonathan-tuckey-design,jonathantuckey
Fraher & Findlay,https://fraherandfindlay.com/,fraherandfindlay,fraherfindlay,fraherandfindlay ,Fraher-architects-limited,fraher
Purcell,https://www.purcelluk.com/,purcell.architecture,Purcelluk,Purcell.Architecture.0,purcell,purcelluk
TP Bennett,http://www.tpbennett.com/,tpbennettllp,tpbennettllp,,Tp-bennett,
Turner Works,https://turner.works/,turner.works,Turner_Works,,Turner-works,ctarchitecture
Architype,https://architype.co.uk/,architypeuk,ArchitypeUK,Architype-Architects-108390669213191,architype,architypeltd
IF_DO,https://www.ifdo.co/,if_do,if_do,ifdoarchitecture,Ifdo-architecture-and-design,if_do
Farrells,http://www.farrells.com/,farrellsarchitects,Farrells,,farrells,
ADAM Architecture,https://adamarchitecture.com/,adamarchitecture,ADAMarchitectur,ADAMArchitecture,Adam-architecture,adamarchitecture
Universal Design Studio,https://www.universaldesignstudio.com/,universaldesignstudio,,universaldesignstudio,Universal-design-studio,universalds
dRMM,http://www.drmm.co.uk/,drmmarchitects,dRMMArchitects,,De-rijke-marsh-morgan-architects,
Pardini Hall Architecture,https://www.pardinihallarchitecture.com/,pardini_hall_architecture,pardinihallarch,pardinihallarchitecture,pardini-hall-architecture,pardini_hall_architecture
Feilden Fowles,http://www.feildenfowles.co.uk/,feildenfowles,FeildenFowles,,Feilden-fowles-llp,
Office S&M,http://www.officesandm.com/,officesandm,OfficeSandM,OfficeSandM ,office-s&m-llp,officesandm
Niall McLaughlin Architects,http://www.niallmclaughlin.com/,niallmclaughlinarchitects,,,,
Architecture for London,https://architectureforlondon.com/,architectureforlondon,AFL_tweet,ArchitectureForLondon,Architecture-for-london,aflarchitects
John McAslan + Partners,http://www.mcaslan.co.uk/,johnmcaslanpartners,JohnMcAslan,johnmcaslanpartners,john-mcaslan---partners,johnmcaslanandp
AR Design Studio,https://ardesignstudio.co.uk/,ardesignstudio,ARDesign_Studio,ardesignstudioarchitects,Ar-design-studio,AR_DesignStudio
Optimise Design,https://www.optimise-design.com/,optimisedesign,OptimiseDesign,optimisedesign,optimise-design,optimisedesign
ADP Architecture,http://www.adp-architecture.com/,adp_architecture,ADPArchitecture,,Adp-llp,
Barton Willmore,http://www.bartonwillmore.co.uk/,barton_willmore,bartonwillmore,,Barton-willmore,bartonwillmore
EPR Architects,https://www.epr.co.uk/,eprarchitects,EPRArchitects,epr.architects,Epr-architects,eprarchitects
Scenario Architecture,https://scenarioarchitecture.com/,scenario_architecture,ScenarioArch,scenarioarch,Scenario-architecture-limited,scenarioarchitecture
AHR Architects,https://www.ahr.co.uk/,weareahr,weareAHR,,ahr,
RKD Architects,https://rkd.ie/,rkd_architects,rkdarchitects,,rkd-architects,
Buckley Gray Yeoman,http://www.bgy.co.uk/,bgyarchitects,bgyarchitects,,bgyarchitects,bgyarchitects
HTA Design,http://www.hta.co.uk/,htadesignllp,HTADesignLLP,HTADesignLLP ,Hta-design-llp,htadesign
Piercy & Company,http://www.piercyandco.com/,piercyco,PiercyCo,,piercy&co,piercycompany
Coffey Architects,http://www.coffeyarchitects.com/,coffeyarchitects,CoffeyArch,,coffeyarchitects,coffeyarch
PRP,https://www.prp-co.uk/,prparchitectsllp,PRP_News,PRPArchitectsLLP ,Prp-llp,prparchitects
DF-DC,https://www.df-dc.co.uk/,dfdc_architects,DFN_DC,DF_DC-architects-2296224950439941,,
Cullinan Studio,https://www.cullinanstudio.com/,cullinan_studio,cullinanstudio,CullinanStudio,cullinanstudio,cullinanstudio
Darling Associates,https://www.darlingassociates.net/,darlingassociates,DAArchitectsUK,DarlingAssociates,Darling-associates,daarchitectsuk
Waugh Thistleton Architects,http://www.waughthistleton.com/,waughthistletonarchitects,waughthistleton,WaughThistletonArchitects ,Waugh-thistleton-architects-limited,waughthistleton
Richard Murphy Architects,http://www.richardmurphyarchitects.com/,richardmurphyarchitects,architects_rm,RichardMurphyArchitects,Richard-murphy-architects,RM_Architects
Levitt Bernstein,http://www.levittbernstein.co.uk/,levitt_bernstein,LevittBernstein,,Levitt-bernstein,levittbernstein
